"categories.allowed","total.counts","file.name","total.filecounts","rel.filecount","strain","rat.id","recording","new.per"
"flat",124,"T0000058",276,0.449275362318841,"WK","WK8","MSX3",0.490118577075099
"flat-z",5,"T0000058",276,0.0181159420289855,"WK","WK8","MSX3",0.0197628458498024
"flat-mz",1,"T0000058",276,0.0036231884057971,"WK","WK8","MSX3",0.00395256916996047
"short",72,"T0000058",276,0.260869565217391,"WK","WK8","MSX3",0.284584980237154
"short-ur",9,"T0000058",276,0.0326086956521739,"WK","WK8","MSX3",0.0355731225296443
"short-c",10,"T0000058",276,0.036231884057971,"WK","WK8","MSX3",0.0395256916996047
"complex",19,"T0000058",276,0.0688405797101449,"WK","WK8","MSX3",0.075098814229249
"step up",7,"T0000058",276,0.0253623188405797,"WK","WK8","MSX3",0.0276679841897233
"trill",1,"T0000058",276,0.0036231884057971,"WK","WK8","MSX3",0.00395256916996047
"trill-c",0,"T0000058",276,0,"WK","WK8","MSX3",0
"unclear",5,"T0000058",276,0.0181159420289855,"WK","WK8","MSX3",0.0197628458498024
"flat",156,"T0000060",386,0.404145077720207,"WK","WK4","MSX3",0.440677966101695
"flat-z",14,"T0000060",386,0.0362694300518135,"WK","WK4","MSX3",0.0395480225988701
"flat-mz",16,"T0000060",386,0.0414507772020725,"WK","WK4","MSX3",0.0451977401129944
"short",96,"T0000060",386,0.248704663212435,"WK","WK4","MSX3",0.271186440677966
"short-ur",3,"T0000060",386,0.0077720207253886,"WK","WK4","MSX3",0.00847457627118644
"short-c",8,"T0000060",386,0.0207253886010363,"WK","WK4","MSX3",0.0225988700564972
"complex",21,"T0000060",386,0.0544041450777202,"WK","WK4","MSX3",0.0593220338983051
"step up",17,"T0000060",386,0.0440414507772021,"WK","WK4","MSX3",0.0480225988700565
"trill",4,"T0000060",386,0.0103626943005181,"WK","WK4","MSX3",0.0112994350282486
"trill-c",0,"T0000060",386,0,"WK","WK4","MSX3",0
"unclear",19,"T0000060",386,0.0492227979274611,"WK","WK4","MSX3",0.0536723163841808
"flat",174,"T0000061",397,0.438287153652393,"WK","WK2AUC2","MSX3",0.450777202072539
"flat-z",27,"T0000061",397,0.0680100755667506,"WK","WK2AUC2","MSX3",0.0699481865284974
"flat-mz",19,"T0000061",397,0.0478589420654912,"WK","WK2AUC2","MSX3",0.0492227979274611
"short",57,"T0000061",397,0.143576826196474,"WK","WK2AUC2","MSX3",0.147668393782383
"short-ur",4,"T0000061",397,0.0100755667506297,"WK","WK2AUC2","MSX3",0.0103626943005181
"short-c",4,"T0000061",397,0.0100755667506297,"WK","WK2AUC2","MSX3",0.0103626943005181
"complex",29,"T0000061",397,0.0730478589420655,"WK","WK2AUC2","MSX3",0.0751295336787565
"step up",8,"T0000061",397,0.0201511335012594,"WK","WK2AUC2","MSX3",0.0207253886010363
"trill",54,"T0000061",397,0.136020151133501,"WK","WK2AUC2","MSX3",0.139896373056995
"trill-c",7,"T0000061",397,0.017632241813602,"WK","WK2AUC2","MSX3",0.0181347150259067
"unclear",3,"T0000061",397,0.00755667506297229,"WK","WK2AUC2","MSX3",0.0077720207253886
"flat",243,"T0000291",1120,0.216964285714286,"WK","WK86","MSX3",0.22859830667921
"flat-z",70,"T0000291",1120,0.0625,"WK","WK86","MSX3",0.0658513640639699
"flat-mz",21,"T0000291",1120,0.01875,"WK","WK86","MSX3",0.019755409219191
"short",149,"T0000291",1120,0.133035714285714,"WK","WK86","MSX3",0.140169332079022
"short-ur",8,"T0000291",1120,0.00714285714285714,"WK","WK86","MSX3",0.00752587017873942
"short-c",27,"T0000291",1120,0.0241071428571429,"WK","WK86","MSX3",0.0253998118532455
"complex",34,"T0000291",1120,0.0303571428571429,"WK","WK86","MSX3",0.0319849482596425
"step up",25,"T0000291",1120,0.0223214285714286,"WK","WK86","MSX3",0.0235183443085607
"trill",332,"T0000291",1120,0.296428571428571,"WK","WK86","MSX3",0.312323612417686
"trill-c",141,"T0000291",1120,0.125892857142857,"WK","WK86","MSX3",0.132643461900282
"unclear",13,"T0000291",1120,0.0116071428571429,"WK","WK86","MSX3",0.0122295390404516
"flat",226,"T0000292",559,0.404293381037567,"WK","WK85","MSX3",0.43047619047619
"flat-z",8,"T0000292",559,0.0143112701252236,"WK","WK85","MSX3",0.0152380952380952
"flat-mz",6,"T0000292",559,0.0107334525939177,"WK","WK85","MSX3",0.0114285714285714
"short",164,"T0000292",559,0.293381037567084,"WK","WK85","MSX3",0.312380952380952
"short-ur",14,"T0000292",559,0.0250447227191413,"WK","WK85","MSX3",0.0266666666666667
"short-c",21,"T0000292",559,0.037567084078712,"WK","WK85","MSX3",0.04
"complex",32,"T0000292",559,0.0572450805008945,"WK","WK85","MSX3",0.060952380952381
"step up",22,"T0000292",559,0.0393559928443649,"WK","WK85","MSX3",0.0419047619047619
"trill",14,"T0000292",559,0.0250447227191413,"WK","WK85","MSX3",0.0266666666666667
"trill-c",8,"T0000292",559,0.0143112701252236,"WK","WK85","MSX3",0.0152380952380952
"unclear",10,"T0000292",559,0.0178890876565295,"WK","WK85","MSX3",0.019047619047619
"flat",223,"T0000293",617,0.361426256077796,"WK","WK90","MSX3",0.371666666666667
"flat-z",10,"T0000293",617,0.0162074554294976,"WK","WK90","MSX3",0.0166666666666667
"flat-mz",7,"T0000293",617,0.0113452188006483,"WK","WK90","MSX3",0.0116666666666667
"short",171,"T0000293",617,0.277147487844408,"WK","WK90","MSX3",0.285
"short-ur",23,"T0000293",617,0.0372771474878444,"WK","WK90","MSX3",0.0383333333333333
"short-c",4,"T0000293",617,0.00648298217179903,"WK","WK90","MSX3",0.00666666666666667
"complex",17,"T0000293",617,0.0275526742301459,"WK","WK90","MSX3",0.0283333333333333
"step up",17,"T0000293",617,0.0275526742301459,"WK","WK90","MSX3",0.0283333333333333
"trill",88,"T0000293",617,0.142625607779579,"WK","WK90","MSX3",0.146666666666667
"trill-c",19,"T0000293",617,0.0307941653160454,"WK","WK90","MSX3",0.0316666666666667
"unclear",21,"T0000293",617,0.0340356564019449,"WK","WK90","MSX3",0.035
"flat",36,"T0000297",202,0.178217821782178,"WK","WK91","MSX3",0.185567010309278
"flat-z",4,"T0000297",202,0.0198019801980198,"WK","WK91","MSX3",0.0206185567010309
"flat-mz",0,"T0000297",202,0,"WK","WK91","MSX3",0
"short",34,"T0000297",202,0.168316831683168,"WK","WK91","MSX3",0.175257731958763
"short-ur",3,"T0000297",202,0.0148514851485149,"WK","WK91","MSX3",0.0154639175257732
"short-c",9,"T0000297",202,0.0445544554455446,"WK","WK91","MSX3",0.0463917525773196
"complex",13,"T0000297",202,0.0643564356435644,"WK","WK91","MSX3",0.0670103092783505
"step up",7,"T0000297",202,0.0346534653465347,"WK","WK91","MSX3",0.0360824742268041
"trill",34,"T0000297",202,0.168316831683168,"WK","WK91","MSX3",0.175257731958763
"trill-c",40,"T0000297",202,0.198019801980198,"WK","WK91","MSX3",0.206185567010309
"unclear",14,"T0000297",202,0.0693069306930693,"WK","WK91","MSX3",0.0721649484536082
"flat",335,"T0000298",505,0.663366336633663,"SD","SD85","MSX3",0.685071574642127
"flat-z",37,"T0000298",505,0.0732673267326733,"SD","SD85","MSX3",0.0756646216768916
"flat-mz",12,"T0000298",505,0.0237623762376238,"SD","SD85","MSX3",0.0245398773006135
"short",73,"T0000298",505,0.144554455445545,"SD","SD85","MSX3",0.149284253578732
"short-ur",5,"T0000298",505,0.0099009900990099,"SD","SD85","MSX3",0.0102249488752556
"short-c",5,"T0000298",505,0.0099009900990099,"SD","SD85","MSX3",0.0102249488752556
"complex",4,"T0000298",505,0.00792079207920792,"SD","SD85","MSX3",0.0081799591002045
"step up",5,"T0000298",505,0.0099009900990099,"SD","SD85","MSX3",0.0102249488752556
"trill",7,"T0000298",505,0.0138613861386139,"SD","SD85","MSX3",0.0143149284253579
"trill-c",0,"T0000298",505,0,"SD","SD85","MSX3",0
"unclear",6,"T0000298",505,0.0118811881188119,"SD","SD85","MSX3",0.0122699386503067
"flat",144,"T0000299",391,0.368286445012788,"SD","SD88","MSX3",0.407932011331445
"flat-z",9,"T0000299",391,0.0230179028132992,"SD","SD88","MSX3",0.0254957507082153
"flat-mz",1,"T0000299",391,0.00255754475703325,"SD","SD88","MSX3",0.0028328611898017
"short",57,"T0000299",391,0.145780051150895,"SD","SD88","MSX3",0.161473087818697
"short-ur",2,"T0000299",391,0.0051150895140665,"SD","SD88","MSX3",0.0056657223796034
"short-c",11,"T0000299",391,0.0281329923273657,"SD","SD88","MSX3",0.0311614730878187
"complex",3,"T0000299",391,0.00767263427109974,"SD","SD88","MSX3",0.0084985835694051
"step up",1,"T0000299",391,0.00255754475703325,"SD","SD88","MSX3",0.0028328611898017
"trill",101,"T0000299",391,0.258312020460358,"SD","SD88","MSX3",0.286118980169972
"trill-c",7,"T0000299",391,0.0179028132992327,"SD","SD88","MSX3",0.0198300283286119
"unclear",17,"T0000299",391,0.0434782608695652,"SD","SD88","MSX3",0.0481586402266289
"flat",154,"T0000388",565,0.272566371681416,"WK","WK91O1","VEH",0.290566037735849
"flat-z",8,"T0000388",565,0.0141592920353982,"WK","WK91O1","VEH",0.0150943396226415
"flat-mz",6,"T0000388",565,0.0106194690265487,"WK","WK91O1","VEH",0.0113207547169811
"short",108,"T0000388",565,0.191150442477876,"WK","WK91O1","VEH",0.20377358490566
"short-ur",2,"T0000388",565,0.00353982300884956,"WK","WK91O1","VEH",0.00377358490566038
"short-c",31,"T0000388",565,0.0548672566371681,"WK","WK91O1","VEH",0.0584905660377358
"complex",36,"T0000388",565,0.063716814159292,"WK","WK91O1","VEH",0.0679245283018868
"step up",15,"T0000388",565,0.0265486725663717,"WK","WK91O1","VEH",0.0283018867924528
"trill",131,"T0000388",565,0.231858407079646,"WK","WK91O1","VEH",0.247169811320755
"trill-c",32,"T0000388",565,0.0566371681415929,"WK","WK91O1","VEH",0.060377358490566
"unclear",7,"T0000388",565,0.0123893805309735,"WK","WK91O1","VEH",0.0132075471698113
"flat",220,"T0000389",342,0.64327485380117,"SD","SD72N1M2","VEH",0.658682634730539
"flat-z",23,"T0000389",342,0.0672514619883041,"SD","SD72N1M2","VEH",0.0688622754491018
"flat-mz",12,"T0000389",342,0.0350877192982456,"SD","SD72N1M2","VEH",0.0359281437125748
"short",56,"T0000389",342,0.16374269005848,"SD","SD72N1M2","VEH",0.167664670658683
"short-ur",5,"T0000389",342,0.0146198830409357,"SD","SD72N1M2","VEH",0.0149700598802395
"short-c",5,"T0000389",342,0.0146198830409357,"SD","SD72N1M2","VEH",0.0149700598802395
"complex",8,"T0000389",342,0.0233918128654971,"SD","SD72N1M2","VEH",0.0239520958083832
"step up",0,"T0000389",342,0,"SD","SD72N1M2","VEH",0
"trill",4,"T0000389",342,0.0116959064327485,"SD","SD72N1M2","VEH",0.0119760479041916
"trill-c",0,"T0000389",342,0,"SD","SD72N1M2","VEH",0
"unclear",1,"T0000389",342,0.00292397660818713,"SD","SD72N1M2","VEH",0.0029940119760479
"flat",81,"T0000390",144,0.5625,"SD","SD74O2Q4","VEH",0.578571428571429
"flat-z",6,"T0000390",144,0.0416666666666667,"SD","SD74O2Q4","VEH",0.0428571428571429
"flat-mz",1,"T0000390",144,0.00694444444444444,"SD","SD74O2Q4","VEH",0.00714285714285714
"short",41,"T0000390",144,0.284722222222222,"SD","SD74O2Q4","VEH",0.292857142857143
"short-ur",2,"T0000390",144,0.0138888888888889,"SD","SD74O2Q4","VEH",0.0142857142857143
"short-c",5,"T0000390",144,0.0347222222222222,"SD","SD74O2Q4","VEH",0.0357142857142857
"complex",2,"T0000390",144,0.0138888888888889,"SD","SD74O2Q4","VEH",0.0142857142857143
"step up",2,"T0000390",144,0.0138888888888889,"SD","SD74O2Q4","VEH",0.0142857142857143
"trill",0,"T0000390",144,0,"SD","SD74O2Q4","VEH",0
"trill-c",0,"T0000390",144,0,"SD","SD74O2Q4","VEH",0
"unclear",0,"T0000390",144,0,"SD","SD74O2Q4","VEH",0
"flat",74,"T0000396",121,0.611570247933884,"SD","SD72N1M3","VEH",0.632478632478632
"flat-z",3,"T0000396",121,0.0247933884297521,"SD","SD72N1M3","VEH",0.0256410256410256
"flat-mz",7,"T0000396",121,0.0578512396694215,"SD","SD72N1M3","VEH",0.0598290598290598
"short",25,"T0000396",121,0.206611570247934,"SD","SD72N1M3","VEH",0.213675213675214
"short-ur",2,"T0000396",121,0.0165289256198347,"SD","SD72N1M3","VEH",0.0170940170940171
"short-c",0,"T0000396",121,0,"SD","SD72N1M3","VEH",0
"complex",4,"T0000396",121,0.0330578512396694,"SD","SD72N1M3","VEH",0.0341880341880342
"step up",0,"T0000396",121,0,"SD","SD72N1M3","VEH",0
"trill",2,"T0000396",121,0.0165289256198347,"SD","SD72N1M3","VEH",0.0170940170940171
"trill-c",0,"T0000396",121,0,"SD","SD72N1M3","VEH",0
"unclear",0,"T0000396",121,0,"SD","SD72N1M3","VEH",0
"flat",255,"T0000397",417,0.611510791366906,"SD","SD85S1N4","MSX3",0.625
"flat-z",40,"T0000397",417,0.0959232613908873,"SD","SD85S1N4","MSX3",0.0980392156862745
"flat-mz",18,"T0000397",417,0.0431654676258993,"SD","SD85S1N4","MSX3",0.0441176470588235
"short",53,"T0000397",417,0.127098321342926,"SD","SD85S1N4","MSX3",0.129901960784314
"short-ur",10,"T0000397",417,0.0239808153477218,"SD","SD85S1N4","MSX3",0.0245098039215686
"short-c",20,"T0000397",417,0.0479616306954436,"SD","SD85S1N4","MSX3",0.0490196078431373
"complex",1,"T0000397",417,0.00239808153477218,"SD","SD85S1N4","MSX3",0.00245098039215686
"step up",1,"T0000397",417,0.00239808153477218,"SD","SD85S1N4","MSX3",0.00245098039215686
"trill",6,"T0000397",417,0.0143884892086331,"SD","SD85S1N4","MSX3",0.0147058823529412
"trill-c",2,"T0000397",417,0.00479616306954436,"SD","SD85S1N4","MSX3",0.00490196078431373
"unclear",2,"T0000397",417,0.00479616306954436,"SD","SD85S1N4","MSX3",0.00490196078431373
"flat",542,"T0000398",654,0.828746177370031,"SD","SD108","MSX3",0.852201257861635
"flat-z",13,"T0000398",654,0.0198776758409786,"SD","SD108","MSX3",0.020440251572327
"flat-mz",7,"T0000398",654,0.0107033639143731,"SD","SD108","MSX3",0.0110062893081761
"short",42,"T0000398",654,0.0642201834862385,"SD","SD108","MSX3",0.0660377358490566
"short-ur",4,"T0000398",654,0.00611620795107034,"SD","SD108","MSX3",0.00628930817610063
"short-c",5,"T0000398",654,0.00764525993883792,"SD","SD108","MSX3",0.00786163522012579
"complex",2,"T0000398",654,0.00305810397553517,"SD","SD108","MSX3",0.00314465408805031
"step up",0,"T0000398",654,0,"SD","SD108","MSX3",0
"trill",15,"T0000398",654,0.0229357798165138,"SD","SD108","MSX3",0.0235849056603774
"trill-c",4,"T0000398",654,0.00611620795107034,"SD","SD108","MSX3",0.00628930817610063
"unclear",2,"T0000398",654,0.00305810397553517,"SD","SD108","MSX3",0.00314465408805031
"flat",812,"T0000399",1061,0.765315739868049,"SD","SD74O2Q1","MSX3",0.777033492822967
"flat-z",60,"T0000399",1061,0.056550424128181,"SD","SD74O2Q1","MSX3",0.0574162679425837
"flat-mz",37,"T0000399",1061,0.0348727615457116,"SD","SD74O2Q1","MSX3",0.0354066985645933
"short",88,"T0000399",1061,0.0829406220546654,"SD","SD74O2Q1","MSX3",0.0842105263157895
"short-ur",28,"T0000399",1061,0.0263901979264844,"SD","SD74O2Q1","MSX3",0.0267942583732057
"short-c",10,"T0000399",1061,0.00942507068803016,"SD","SD74O2Q1","MSX3",0.00956937799043062
"complex",7,"T0000399",1061,0.00659754948162111,"SD","SD74O2Q1","MSX3",0.00669856459330144
"step up",0,"T0000399",1061,0,"SD","SD74O2Q1","MSX3",0
"trill",1,"T0000399",1061,0.000942507068803016,"SD","SD74O2Q1","MSX3",0.000956937799043062
"trill-c",0,"T0000399",1061,0,"SD","SD74O2Q1","MSX3",0
"unclear",2,"T0000399",1061,0.00188501413760603,"SD","SD74O2Q1","MSX3",0.00191387559808612
"flat",319,"T0000400",586,0.544368600682594,"SD","SD107","MSX3",0.566607460035524
"flat-z",26,"T0000400",586,0.0443686006825939,"SD","SD107","MSX3",0.0461811722912966
"flat-mz",10,"T0000400",586,0.0170648464163823,"SD","SD107","MSX3",0.0177619893428064
"short",60,"T0000400",586,0.102389078498294,"SD","SD107","MSX3",0.106571936056838
"short-ur",81,"T0000400",586,0.138225255972696,"SD","SD107","MSX3",0.143872113676732
"short-c",12,"T0000400",586,0.0204778156996587,"SD","SD107","MSX3",0.0213143872113677
"complex",5,"T0000400",586,0.00853242320819113,"SD","SD107","MSX3",0.0088809946714032
"step up",0,"T0000400",586,0,"SD","SD107","MSX3",0
"trill",40,"T0000400",586,0.068259385665529,"SD","SD107","MSX3",0.0710479573712256
"trill-c",4,"T0000400",586,0.0068259385665529,"SD","SD107","MSX3",0.00710479573712256
"unclear",6,"T0000400",586,0.0102389078498294,"SD","SD107","MSX3",0.0106571936056838
"flat",357,"T0000401",460,0.776086956521739,"SD","SD85S1N3","MSX3",0.80952380952381
"flat-z",18,"T0000401",460,0.0391304347826087,"SD","SD85S1N3","MSX3",0.0408163265306122
"flat-mz",10,"T0000401",460,0.0217391304347826,"SD","SD85S1N3","MSX3",0.0226757369614512
"short",42,"T0000401",460,0.091304347826087,"SD","SD85S1N3","MSX3",0.0952380952380952
"short-ur",4,"T0000401",460,0.00869565217391304,"SD","SD85S1N3","MSX3",0.0090702947845805
"short-c",4,"T0000401",460,0.00869565217391304,"SD","SD85S1N3","MSX3",0.0090702947845805
"complex",2,"T0000401",460,0.00434782608695652,"SD","SD85S1N3","MSX3",0.00453514739229025
"step up",2,"T0000401",460,0.00434782608695652,"SD","SD85S1N3","MSX3",0.00453514739229025
"trill",2,"T0000401",460,0.00434782608695652,"SD","SD85S1N3","MSX3",0.00453514739229025
"trill-c",0,"T0000401",460,0,"SD","SD85S1N3","MSX3",0
"unclear",0,"T0000401",460,0,"SD","SD85S1N3","MSX3",0
"flat",227,"T0000402",379,0.598944591029024,"SD","SD109","MSX3",0.628808864265928
"flat-z",32,"T0000402",379,0.0844327176781003,"SD","SD109","MSX3",0.0886426592797784
"flat-mz",18,"T0000402",379,0.0474934036939314,"SD","SD109","MSX3",0.0498614958448753
"short",44,"T0000402",379,0.116094986807388,"SD","SD109","MSX3",0.121883656509695
"short-ur",3,"T0000402",379,0.0079155672823219,"SD","SD109","MSX3",0.00831024930747922
"short-c",2,"T0000402",379,0.00527704485488127,"SD","SD109","MSX3",0.00554016620498615
"complex",2,"T0000402",379,0.00527704485488127,"SD","SD109","MSX3",0.00554016620498615
"step up",0,"T0000402",379,0,"SD","SD109","MSX3",0
"trill",27,"T0000402",379,0.0712401055408971,"SD","SD109","MSX3",0.074792243767313
"trill-c",3,"T0000402",379,0.0079155672823219,"SD","SD109","MSX3",0.00831024930747922
"unclear",3,"T0000402",379,0.0079155672823219,"SD","SD109","MSX3",0.00831024930747922
"flat",455,"T0000403",573,0.794066317626527,"SD","SD76N3Q2","VEH",0.802469135802469
"flat-z",27,"T0000403",573,0.0471204188481675,"SD","SD76N3Q2","VEH",0.0476190476190476
"flat-mz",9,"T0000403",573,0.0157068062827225,"SD","SD76N3Q2","VEH",0.0158730158730159
"short",61,"T0000403",573,0.106457242582897,"SD","SD76N3Q2","VEH",0.107583774250441
"short-ur",3,"T0000403",573,0.00523560209424084,"SD","SD76N3Q2","VEH",0.00529100529100529
"short-c",3,"T0000403",573,0.00523560209424084,"SD","SD76N3Q2","VEH",0.00529100529100529
"complex",6,"T0000403",573,0.0104712041884817,"SD","SD76N3Q2","VEH",0.0105820105820106
"step up",1,"T0000403",573,0.00174520069808028,"SD","SD76N3Q2","VEH",0.0017636684303351
"trill",0,"T0000403",573,0,"SD","SD76N3Q2","VEH",0
"trill-c",0,"T0000403",573,0,"SD","SD76N3Q2","VEH",0
"unclear",2,"T0000403",573,0.00349040139616056,"SD","SD76N3Q2","VEH",0.00352733686067019
"flat",571,"T0000404",766,0.745430809399478,"SD","SD72N1M4","VEH",0.752305665349144
"flat-z",44,"T0000404",766,0.0574412532637076,"SD","SD72N1M4","VEH",0.0579710144927536
"flat-mz",31,"T0000404",766,0.0404699738903394,"SD","SD72N1M4","VEH",0.0408432147562582
"short",60,"T0000404",766,0.0783289817232376,"SD","SD72N1M4","VEH",0.0790513833992095
"short-ur",15,"T0000404",766,0.0195822454308094,"SD","SD72N1M4","VEH",0.0197628458498024
"short-c",8,"T0000404",766,0.010443864229765,"SD","SD72N1M4","VEH",0.0105401844532279
"complex",5,"T0000404",766,0.00652741514360313,"SD","SD72N1M4","VEH",0.00658761528326746
"step up",4,"T0000404",766,0.00522193211488251,"SD","SD72N1M4","VEH",0.00527009222661397
"trill",16,"T0000404",766,0.02088772845953,"SD","SD72N1M4","VEH",0.0210803689064559
"trill-c",1,"T0000404",766,0.00130548302872063,"SD","SD72N1M4","VEH",0.00131752305665349
"unclear",4,"T0000404",766,0.00522193211488251,"SD","SD72N1M4","VEH",0.00527009222661397
"flat",150,"T0000406",456,0.328947368421053,"WK","WK96","VEH",0.348027842227378
"flat-z",17,"T0000406",456,0.037280701754386,"WK","WK96","VEH",0.0394431554524362
"flat-mz",3,"T0000406",456,0.00657894736842105,"WK","WK96","VEH",0.00696055684454756
"short",45,"T0000406",456,0.0986842105263158,"WK","WK96","VEH",0.104408352668213
"short-ur",2,"T0000406",456,0.0043859649122807,"WK","WK96","VEH",0.00464037122969838
"short-c",20,"T0000406",456,0.043859649122807,"WK","WK96","VEH",0.0464037122969838
"complex",3,"T0000406",456,0.00657894736842105,"WK","WK96","VEH",0.00696055684454756
"step up",3,"T0000406",456,0.00657894736842105,"WK","WK96","VEH",0.00696055684454756
"trill",99,"T0000406",456,0.217105263157895,"WK","WK96","VEH",0.22969837587007
"trill-c",78,"T0000406",456,0.171052631578947,"WK","WK96","VEH",0.180974477958237
"unclear",11,"T0000406",456,0.0241228070175439,"WK","WK96","VEH",0.0255220417633411
"flat",423,"T0000407",766,0.552219321148825,"WK","WK99","VEH",0.567785234899329
"flat-z",61,"T0000407",766,0.0796344647519582,"WK","WK99","VEH",0.0818791946308725
"flat-mz",32,"T0000407",766,0.0417754569190601,"WK","WK99","VEH",0.0429530201342282
"short",138,"T0000407",766,0.180156657963446,"WK","WK99","VEH",0.185234899328859
"short-ur",1,"T0000407",766,0.00130548302872063,"WK","WK99","VEH",0.00134228187919463
"short-c",17,"T0000407",766,0.0221932114882507,"WK","WK99","VEH",0.0228187919463087
"complex",21,"T0000407",766,0.0274151436031332,"WK","WK99","VEH",0.0281879194630872
"step up",5,"T0000407",766,0.00652741514360313,"WK","WK99","VEH",0.00671140939597315
"trill",35,"T0000407",766,0.0456919060052219,"WK","WK99","VEH",0.0469798657718121
"trill-c",7,"T0000407",766,0.00913838120104439,"WK","WK99","VEH",0.00939597315436242
"unclear",5,"T0000407",766,0.00652741514360313,"WK","WK99","VEH",0.00671140939597315
"flat",162,"T0000408",390,0.415384615384615,"WK","WK102","VEH",0.424083769633508
"flat-z",22,"T0000408",390,0.0564102564102564,"WK","WK102","VEH",0.0575916230366492
"flat-mz",5,"T0000408",390,0.0128205128205128,"WK","WK102","VEH",0.0130890052356021
"short",66,"T0000408",390,0.169230769230769,"WK","WK102","VEH",0.172774869109948
"short-ur",1,"T0000408",390,0.00256410256410256,"WK","WK102","VEH",0.00261780104712042
"short-c",8,"T0000408",390,0.0205128205128205,"WK","WK102","VEH",0.0209424083769634
"complex",16,"T0000408",390,0.041025641025641,"WK","WK102","VEH",0.0418848167539267
"step up",1,"T0000408",390,0.00256410256410256,"WK","WK102","VEH",0.00261780104712042
"trill",56,"T0000408",390,0.143589743589744,"WK","WK102","VEH",0.146596858638743
"trill-c",42,"T0000408",390,0.107692307692308,"WK","WK102","VEH",0.109947643979058
"unclear",3,"T0000408",390,0.00769230769230769,"WK","WK102","VEH",0.00785340314136126
"flat",279,"T0000409",456,0.611842105263158,"SD","SD112","VEH",0.638443935926774
"flat-z",31,"T0000409",456,0.0679824561403509,"SD","SD112","VEH",0.0709382151029748
"flat-mz",15,"T0000409",456,0.0328947368421053,"SD","SD112","VEH",0.034324942791762
"short",47,"T0000409",456,0.103070175438596,"SD","SD112","VEH",0.107551487414188
"short-ur",8,"T0000409",456,0.0175438596491228,"SD","SD112","VEH",0.0183066361556064
"short-c",9,"T0000409",456,0.0197368421052632,"SD","SD112","VEH",0.0205949656750572
"complex",2,"T0000409",456,0.0043859649122807,"SD","SD112","VEH",0.0045766590389016
"step up",0,"T0000409",456,0,"SD","SD112","VEH",0
"trill",33,"T0000409",456,0.0723684210526316,"SD","SD112","VEH",0.0755148741418764
"trill-c",6,"T0000409",456,0.0131578947368421,"SD","SD112","VEH",0.0137299771167048
"unclear",7,"T0000409",456,0.0153508771929825,"SD","SD112","VEH",0.0160183066361556
"flat",1283,"T0000410",1769,0.725268513284341,"SD","SD110","VEH",0.731470923603193
"flat-z",163,"T0000410",1769,0.0921424533634822,"SD","SD110","VEH",0.0929304446978335
"flat-mz",131,"T0000410",1769,0.0740531373657434,"SD","SD110","VEH",0.0746864310148233
"short",105,"T0000410",1769,0.0593555681175806,"SD","SD110","VEH",0.0598631698973774
"short-ur",17,"T0000410",1769,0.00960994912379876,"SD","SD110","VEH",0.0096921322690992
"short-c",9,"T0000410",1769,0.00508762012436405,"SD","SD110","VEH",0.00513112884834664
"complex",8,"T0000410",1769,0.00452232899943471,"SD","SD110","VEH",0.00456100342075257
"step up",1,"T0000410",1769,0.000565291124929339,"SD","SD110","VEH",0.000570125427594071
"trill",25,"T0000410",1769,0.0141322781232335,"SD","SD110","VEH",0.0142531356898518
"trill-c",10,"T0000410",1769,0.00565291124929339,"SD","SD110","VEH",0.00570125427594071
"unclear",2,"T0000410",1769,0.00113058224985868,"SD","SD110","VEH",0.00114025085518814
"flat",165,"T0000411",433,0.381062355658199,"WK","WK101","MSX3",0.394736842105263
"flat-z",15,"T0000411",433,0.0346420323325635,"WK","WK101","MSX3",0.0358851674641148
"flat-mz",7,"T0000411",433,0.0161662817551963,"WK","WK101","MSX3",0.0167464114832536
"short",57,"T0000411",433,0.131639722863741,"WK","WK101","MSX3",0.136363636363636
"short-ur",9,"T0000411",433,0.0207852193995381,"WK","WK101","MSX3",0.0215311004784689
"short-c",12,"T0000411",433,0.0277136258660508,"WK","WK101","MSX3",0.0287081339712919
"complex",10,"T0000411",433,0.023094688221709,"WK","WK101","MSX3",0.0239234449760766
"step up",2,"T0000411",433,0.0046189376443418,"WK","WK101","MSX3",0.00478468899521531
"trill",84,"T0000411",433,0.193995381062356,"WK","WK101","MSX3",0.200956937799043
"trill-c",53,"T0000411",433,0.122401847575058,"WK","WK101","MSX3",0.126794258373206
"unclear",4,"T0000411",433,0.0092378752886836,"WK","WK101","MSX3",0.00956937799043062
"flat",696,"T0000412",1062,0.655367231638418,"WK","WK98","VEH",0.667305848513902
"flat-z",120,"T0000412",1062,0.112994350282486,"WK","WK98","VEH",0.115052732502397
"flat-mz",12,"T0000412",1062,0.0112994350282486,"WK","WK98","VEH",0.0115052732502397
"short",132,"T0000412",1062,0.124293785310734,"WK","WK98","VEH",0.126558005752637
"short-ur",25,"T0000412",1062,0.0235404896421846,"WK","WK98","VEH",0.0239693192713327
"short-c",20,"T0000412",1062,0.0188323917137476,"WK","WK98","VEH",0.0191754554170662
"complex",11,"T0000412",1062,0.0103578154425612,"WK","WK98","VEH",0.0105465004793864
"step up",2,"T0000412",1062,0.00188323917137476,"WK","WK98","VEH",0.00191754554170662
"trill",10,"T0000412",1062,0.00941619585687382,"WK","WK98","VEH",0.00958772770853308
"trill-c",15,"T0000412",1062,0.0141242937853107,"WK","WK98","VEH",0.0143815915627996
"unclear",0,"T0000412",1062,0,"WK","WK98","VEH",0
"flat",242,"T0000413",358,0.675977653631285,"SD","SD111","VEH",0.703488372093023
"flat-z",12,"T0000413",358,0.0335195530726257,"SD","SD111","VEH",0.0348837209302326
"flat-mz",9,"T0000413",358,0.0251396648044693,"SD","SD111","VEH",0.0261627906976744
"short",68,"T0000413",358,0.189944134078212,"SD","SD111","VEH",0.197674418604651
"short-ur",1,"T0000413",358,0.00279329608938547,"SD","SD111","VEH",0.00290697674418605
"short-c",5,"T0000413",358,0.0139664804469274,"SD","SD111","VEH",0.0145348837209302
"complex",1,"T0000413",358,0.00279329608938547,"SD","SD111","VEH",0.00290697674418605
"step up",0,"T0000413",358,0,"SD","SD111","VEH",0
"trill",6,"T0000413",358,0.0167597765363128,"SD","SD111","VEH",0.0174418604651163
"trill-c",0,"T0000413",358,0,"SD","SD111","VEH",0
"unclear",0,"T0000413",358,0,"SD","SD111","VEH",0
"flat",139,"T0000414",345,0.402898550724638,"WK","WK103","VEH",0.417417417417417
"flat-z",11,"T0000414",345,0.0318840579710145,"WK","WK103","VEH",0.033033033033033
"flat-mz",2,"T0000414",345,0.00579710144927536,"WK","WK103","VEH",0.00600600600600601
"short",47,"T0000414",345,0.136231884057971,"WK","WK103","VEH",0.141141141141141
"short-ur",3,"T0000414",345,0.00869565217391304,"WK","WK103","VEH",0.00900900900900901
"short-c",6,"T0000414",345,0.0173913043478261,"WK","WK103","VEH",0.018018018018018
"complex",4,"T0000414",345,0.0115942028985507,"WK","WK103","VEH",0.012012012012012
"step up",4,"T0000414",345,0.0115942028985507,"WK","WK103","VEH",0.012012012012012
"trill",59,"T0000414",345,0.171014492753623,"WK","WK103","VEH",0.177177177177177
"trill-c",54,"T0000414",345,0.156521739130435,"WK","WK103","VEH",0.162162162162162
"unclear",4,"T0000414",345,0.0115942028985507,"WK","WK103","VEH",0.012012012012012
"flat",65,"T0000415",457,0.142231947483589,"WK","WK105","VEH",0.148401826484018
"flat-z",9,"T0000415",457,0.0196936542669584,"WK","WK105","VEH",0.0205479452054795
"flat-mz",4,"T0000415",457,0.0087527352297593,"WK","WK105","VEH",0.0091324200913242
"short",82,"T0000415",457,0.179431072210066,"WK","WK105","VEH",0.187214611872146
"short-ur",7,"T0000415",457,0.0153172866520788,"WK","WK105","VEH",0.0159817351598174
"short-c",10,"T0000415",457,0.0218818380743982,"WK","WK105","VEH",0.0228310502283105
"complex",3,"T0000415",457,0.00656455142231947,"WK","WK105","VEH",0.00684931506849315
"step up",4,"T0000415",457,0.0087527352297593,"WK","WK105","VEH",0.0091324200913242
"trill",181,"T0000415",457,0.396061269146608,"WK","WK105","VEH",0.41324200913242
"trill-c",67,"T0000415",457,0.146608315098468,"WK","WK105","VEH",0.15296803652968
"unclear",6,"T0000415",457,0.0131291028446389,"WK","WK105","VEH",0.0136986301369863
"flat",323,"T0000416",878,0.367881548974943,"WK","WK100","VEH",0.390568319226119
"flat-z",30,"T0000416",878,0.0341685649202733,"WK","WK100","VEH",0.0362756952841596
"flat-mz",6,"T0000416",878,0.00683371298405467,"WK","WK100","VEH",0.00725513905683192
"short",220,"T0000416",878,0.250569476082005,"WK","WK100","VEH",0.26602176541717
"short-ur",15,"T0000416",878,0.0170842824601367,"WK","WK100","VEH",0.0181378476420798
"short-c",33,"T0000416",878,0.0375854214123007,"WK","WK100","VEH",0.0399032648125756
"complex",31,"T0000416",878,0.0353075170842825,"WK","WK100","VEH",0.0374848851269649
"step up",8,"T0000416",878,0.00911161731207289,"WK","WK100","VEH",0.00967351874244256
"trill",107,"T0000416",878,0.121867881548975,"WK","WK100","VEH",0.129383313180169
"trill-c",51,"T0000416",878,0.0580865603644647,"WK","WK100","VEH",0.0616686819830713
"unclear",3,"T0000416",878,0.00341685649202733,"WK","WK100","VEH",0.00362756952841596
